EMPLOYEE_ID,FIRST_NAME,LAST_NAME,EMAIL,PHONE_NUMBER,HIRE_DATE,JOB_ID,SALARY,GENDER,MANAGER_ID,DEPARTMENT_ID
198,Donald,OConnell,DOCONNEL,650.507.9833,21-Jun-07,SH_CLERK,2600,F,124,MANAGER
121,Douglas,Grant,DGRANT,650.507.9844,13-Jan-08,SH_CLERK,2600,M,124,EMP
200,Jennifer,Whalen,JWHALEN,515.123.4444,17-Sep-03,AD_ASST,4400,M,101,OPERATOR
121,Michael,Hartstein,MHARTSTE,515.123.5555,17-Feb-04,MK_MAN,13000,F,100,TECHNICAL
202,Pat,Fay,PFAY,603.123.6666,17-Aug-05,MK_REP,6000,M,201,TECHNICAL
203,Susan,Mavris,SMAVRIS,515.123.7777,07-Jun-02,HR_REP,6500,M,101,TECHNICAL
204,Hermann,Baer,HBAER,515.123.8888,07-Jun-02,PR_REP,,F,101,TECHNICAL
205,Shelley,Higgins,SHIGGINS,515.123.8080,07-Jun-02,AC_MGR,12008,M,101,TECHNICAL
121,William,Gietz,WGIETZ,515.123.8181,07-Jun-02,AC_ACCOUNT,8300,M,101,TECHNICAL
100,Steven,King,SKING,515.123.4567,17-Jun-03,AD_PRES,24000,F,101,TECHNICAL
101,Neena,Kochhar,NKOCHHAR,515.123.4568,21-Sep-05,AD_VP,17000,M,101,TECHNICAL
102,Lex,De Haan,LDEHAAN,515.123.4569,13-Jan-01,AD_VP,17000,M,101,TECHNICAL
103,Alexander,Hunold,LDEHAAN,590.423.4567,03-Jan-06,IT_PROG,9000,F,101,EMP
104,Bruce,Ernst,LDEHAAN,590.423.4568,21-May-07,IT_PROG,6000,M,101,EMP
105,David,Austin,LDEHAAN,590.423.4569,25-Jun-05,IT_PROG,,M,101,EMP
106,Valli,Pataballa,LDEHAAN,590.423.4560,05-Feb-06,IT_PROG,,F,101,OPERATOR
107,Diana,Lorentz,LDEHAAN,590.423.5567,07-Feb-07,IT_PROG,4200,M,101,OPERATOR
108,Nancy,Greenberg,LDEHAAN,515.124.4569,17-Aug-02,FI_MGR,,M,101,OPERATOR
109,Daniel,Faviet,LDEHAAN,515.124.4169,17-Aug-02,FI_ACCOUNT,9000,F,108,TECHNICAL
110,John,Chen,JCHEN,515.124.4269,17-Aug-02,FI_ACCOUNT,8200,M,108,ELECTRONICS
111,Ismael,Sciarra,ISCIARRA,515.124.4369,17-Aug-02,FI_ACCOUNT,7700,M,108,ELECTRONICS
112,Jose Manuel,Urman,JMURMAN,515.124.4469,17-Aug-02,FI_ACCOUNT,7800,F,108,ELECTRONICS
198,Luis,Popp,LPOPP,515.124.4567,17-Aug-02,FI_ACCOUNT,6900,M,108,ELECTRONICS
114,Den,Raphaely,DRAPHEAL,515.127.4561,17-Aug-02,PU_MAN,,F,100,ELECTRONICS
115,Alexander,Khoo,AKHOO,515.127.4562,17-Aug-02,PU_CLERK,3100,M,114,ELECTRONICS
116,Shelli,Baida,SBAIDA,515.127.4563,24-Dec-05,PU_CLERK,2900,M,114,ELECTRONICS
117,Sigal,Tobias,STOBIAS,515.127.4564,24-Jul-05,PU_CLERK,2800,F,114,ELECTRONICS
198,Guy,Himuro,GHIMURO,515.127.4565,15-Nov-06,PU_CLERK,2600,M,114,ELECTRONICS
119,Karen,Colmenares,KCOLMENA,515.127.4566,10-Aug-07,PU_CLERK,2500,M,114,ELECTRONICS
120,Matthew,Weiss,MWEISS,650.123.1234,18-Jul-04,ST_MAN,8000,F,100,ELECTRONICS
121,Adam,Fripp,AFRIPP,650.123.2234,10-Apr-05,ST_MAN,8200,M,100,ELECTRONICS
122,Payam,Kaufling,PKAUFLIN,650.123.3234,01-May-03,ST_MAN,7900,M,100,ELECTRONICS
123,Shanta,Vollman,SVOLLMAN,650.123.4234,10-Oct-05,ST_MAN,6500,F,100,TECHNICAL
121,Kevin,Mourgos,KMOURGOS,650.123.5234,16-Nov-07,ST_MAN,5800,M,100,TECHNICAL
125,Julia,Nayer,JNAYER,650.124.1214,16-Jul-05,ST_CLERK,3200,M,120,TECHNICAL
126,Irene,Mikkilineni,IMIKKILI,650.124.1224,28-Sep-06,ST_CLERK,2700,F,120,TECHNICAL
127,James,Landry,JLANDRY,650.124.1334,14-Jan-07,ST_CLERK,2400,M,120,TECHNICAL
128,Steven,Markle,SMARKLE,650.124.1434,08-Mar-08,ST_CLERK,2200,M,120,TECHNICAL
129,Laura,Bissot,LBISSOT,650.124.5234,20-Aug-05,ST_CLERK,3300,F,121,TECHNICAL
130,Mozhe,Atkinson,MATKINSO,650.124.6234,30-Oct-05,ST_CLERK,2800,M,121,EMP
131,James,Marlow,JAMRLOW,650.124.7234,16-Feb-05,ST_CLERK,2500,M,121,EMP
132,TJ,Olson,TJOLSON,650.124.8234,10-Apr-07,ST_CLERK,2100,F,121,EMP
133,Jason,Mallin,JMALLIN,650.127.1934,14-Jun-04,ST_CLERK,3300,M,122,EMP
134,Michael,Rogers,MROGERS,650.127.1834,26-Aug-06,ST_CLERK,2900,M,122,EMP
135,Ki,Gee,KGEE,650.127.1734,12-Dec-07,ST_CLERK,2400,F,122,EMP
136,Hazel,Philtanker,HPHILTAN,650.127.1634,06-Feb-08,ST_CLERK,2200,M,122,EMP
137,Renske,Ladwig,RLADWIG,650.121.1234,14-Jul-03,ST_CLERK,3600,F,123,EMP
138,Stephen,Stiles,SSTILES,650.121.2034,26-Oct-05,ST_CLERK,3200,M,123,EMP
139,John,Seo,JSEO,650.121.2019,12-Feb-06,ST_CLERK,2700,M,123,EMP
121,Joshua,Patel,JPATEL,650.121.1834,06-Apr-06,ST_CLERK,2500,F,123,EMP
